Site Title,Site Link
Future of Automation and its Impact on Society - LinkedIn,"https://www.linkedin.com/pulse/future-automation-its-impact-society-khushhal-chaudhary#:~:text=The%20future%20of%20automation%20is,exclusive%20domain%20of%20human%20workers."
What is the future scope for automation testing? Can I chose my ...,"https://www.quora.com/What-is-the-future-scope-for-automation-testing-Can-I-chose-my-career-in-automation-testing#:~:text=The%20future%20scope%20for%20automation%20testing%20is%20promising%20as%20more,coverage%2C%20and%20improved%20software%20quality."
11 Jobs That May Be Automated in the Future Through AI | Indeed.com,https://www.indeed.com/career-advice/finding-a-job/which-jobs-will-be-automated
What is the Future of RPA (Robotic Process Automation)?,"https://hashstudioz.com/blog/what-is-the-future-of-rpa-robotic-process-automation/#:~:text=Artificial%20Intelligence%20(AI)%20and%20Machine%20Learning%20(ML)%20are,performance%20and%20decision%2Dmaking%20abilities."
The Future of Automation in Manufacturing - Actian Corporation,"https://www.actian.com/blog/enterprise-data-management/automation-manufacturing-future/#:~:text=As%20automation%20continues%20to%20shape,efficient%20and%20potentially%20more%20sustainable."
"AI, automation, and the future of work: Ten things to solve for",https://www.mckinsey.com/featured-insights/future-of-work/ai-automation-and-the-future-of-work-ten-things-to-solve-for
Future of Automation: 9 Predictions to Look Out For in 2022,https://blog.hubspot.com/marketing/what-the-future-of-automation-looks-like-and-how-to-get-ahead-right-now
Skill shift: Automation and the future of the workforce,https://www.mckinsey.com/featured-insights/future-of-work/skill-shift-automation-and-the-future-of-the-workforce
How AI and Automation Will Shape the Future of Work,https://www.valispace.com/how-ai-and-automation-will-shape-the-future-of-work/
Future of automation | Siemens - Totally Integrated ...,https://www.siemens.com/global/en/products/automation/topic-areas/tia/future-topics.html
The Future of Work: How Automation Will Change the Job ...,https://www.linkedin.com/pulse/future-work-how-automation-change-job-market-mayukh-roy
AI and Automation Are Reshaping the Future of Work,https://www.marshmclennan.com/insights/publications/2019/sep/ai-and-automation-are-reshaping-the-future-of-work.html
The Future of Everything is Automation,https://www.spiceworks.com/tech/tech-general/articles/the-future-of-everything-is-automation/
10 Thinkers on the Future of Automation,https://bluebotics.com/future-of-automation/
